"temp_C","scientist","spring","depth","means"
36.25,"Jill","Buckeye",4.15,33.3722222222222
35.4,"Susan","Buckeye",4.13,33.3722222222222
35.3,"Steve","Buckeye",4.12,33.3722222222222
35.15,"Jill","Benton",3.21,33.3722222222222
35.35,"Susan","Benton",3.23,33.3722222222222
33.35,"Steve","Benton",3.2,33.3722222222222
30.7,"Jill","Travertine",5.67,33.3722222222222
29.65,"Susan","Travertine",5.65,33.3722222222222
29.2,"Steve","Travertine",5.66,33.3722222222222
